{
  "unlocDisplayName": "guide.Sanguimancy.book.name",
  "unlocWelcomeMessage": "guide.Sanguimancy.welcomeMessage",
  "unlocBookTitle": "guide.Sanguimancy.book.title",
  "color": {
    "red": 190,
    "green": 10,
    "blue": 0,
    "alpha": 255
  },
  "spawnWithBook": true,
  "categoryList": [
    {
      "type": "CategoryItemStack",
      "itemStack": {
        "isBlock": false,
        "name": "minecraft:boat",
        "metadata": 0
      },
      "entryList": [
        {
          "type": "EntryUniText",
          "unlocEntryName": "guide.Sanguimancy.entryName.sacrificeMagic",
          "pageList": [
            {
              "type": "PageLocText",
              "locText": "guide.Sanguimancy.entry.sacrificeMagic"
            }
          ]
        },
        {
          "type": "EntryUniText",
          "unlocEntryName": "guide.Sanguimancy.entryName.corruption",
          "pageList": [
            {
              "type": "PageLocText",
              "locText": "guide.Sanguimancy.entry.corruption"
            }
          ]
        },
        {
          "type": "EntryUniText",
          "unlocEntryName": "guide.Sanguimancy.entryName.protection",
          "pageList": [
            {
              "type": "PageLocText",
              "locText": "guide.Sanguimancy.entry.protection.1"
            },
            {
              "type": "PageUnlocImage",
              "unlocText": "protection.picture.1",
              "image": {
                "resourceDomain": "minecraft",
                "resourcePath": "textures/screenshots/CompleteCrystallizerMultiblock.png"
              },
              "drawAtTop": true
            },
            {
              "type": "PageUnlocImage",
              "unlocText": "protection.picture.2",
              "image": {
                "resourceDomain": "minecraft",
                "resourcePath": "textures/screenshots/CrystallizerMultiblock.png"
              },
              "drawAtTop": true
            },
            {
              "type": "PageUnlocImage",
              "unlocText": "protection.picture.3",
              "image": {
                "resourceDomain": "minecraft",
                "resourcePath": "textures/screenshots/WaterCrystallizerMultiblock.png"
              },
              "drawAtTop": true
            },
            {
              "type": "PageUnlocImage",
              "unlocText": "protection.picture.4",
              "image": {
                "resourceDomain": "minecraft",
                "resourcePath": "textures/screenshots/LavaCrystallizerMultiblock.png"
              },
              "drawAtTop": true
            },
            {
              "type": "PageLocText",
              "locText": "guide.Sanguimancy.entry.protection.2"
            }
          ]
        },
        {
          "type": "EntryUniText",
          "unlocEntryName": "guide.Sanguimancy.entryName.apllications",
          "pageList": [
            {
              "type": "PageLocText",
              "locText": "guide.Sanguimancy.entry.applications"
            }
          ]
        }
      ],
      "unlocCategoryName": "guide.Sanguimancy.category.lore"
    }
  ]
}